<?xml version="1.0"?>
<brac version="1.0" artist="Tim Nowlin" name="My Childhood" timeinterval="0000-00-03 00-00-00" resolution="1366 768" dpi="72" tags="childhood, sad, family">
	<bric id="1" resolution="428 367" position="100 100" rotate="0.0" scale="1" order="1" alpha="1.0" revision="1" />
	<bric id="2" resolution="341 141" position="400 20" rotate="0.0" scale="1" order="1" alpha="1.0" revision="1" />
	<bric id="3" resolution="334 246" position="100 300" rotate="0.0" scale="1" order="1" alpha="1.0" revision="1" />
	<bric id="4" resolution="422 70" position="737.64 100.173" rotate="0.0" scale="1.316" order="1" alpha="1.0" revision="1" />
	<bric id="5" resolution="418 137" position="837.813 500.867" rotate="0.0" scale="1.1" order="1" alpha="1.0" revision="1" />
	<bric id="6" resolution="323 93" position="519.08 336.947" rotate="0.0" scale="0.987" order="1" alpha="1.0" revision="1" />
	<bric id="7" resolution="391 279" position="487.207 241.327" rotate="0.0" scale="0.99" order="1" alpha="1.0" revision="1" />
	<bric id="8" resolution="321 349" position="769.513 113.833" rotate="0.0" scale="1.362" order="1" alpha="1.0" revision="1" />
	<bric id="9" resolution="315 264" position="751.3 254.987" rotate="0.0" scale="1.749" order="1" alpha="1.0" revision="1"></bric>
	
</brac>
