<?xml version="1.0"?>
<brac version="1.0" artist="Tim Nowlin" name="My Childhood" timeinterval="0000-00-03 00-00-00" resolution="1366 768" dpi="72" tags="childhood, sad, family">
	<bric id="1" resolution="428 367" position="405.247 4.553" rotate="0.0" scale="2.075" order="1" alpha="1.0" revision="1"></bric>
	<bric id="2" resolution="338 440" position="509.973 163.92" rotate="0.0" scale="0.997" order="1" alpha="1.0" revision="1" />
	<bric id="3" resolution="959 403" position="200.347 182.133" rotate="0.0" scale="0.997" order="1" alpha="1.0" revision="1" />
	<bric id="4" resolution="261 190" position="550.953 286.86" rotate="0.0" scale="0.994" order="1" alpha="1.0" revision="1" />
	<bric id="5" resolution="210 141" position="573.72 309.627" rotate="0.0" scale="1.93" order="1" alpha="1.0" revision="1" />
	<bric id="6" resolution="471 166" position="104.727 528.187" rotate="0.0" scale="1.228" order="1" alpha="1.0" revision="1" />
	<bric id="7" resolution="317 124" position="204.9 446.227" rotate="0.0" scale="2.083" order="1" alpha="1.0" revision="1" />
</brac>
