<?xml version="1.0"?>
<brac version="1.0" artist="Tim Nowlin" name="My Childhood" timeinterval="0000-00-03 00-00-00" resolution="1024 768" dpi="72" tags="childhood, sad, family">
	
	
	
  ...comment goes here
  
	
	
	<bric id="1" resolution="1024 768" position="1.9575 1.4025" rotate="-27.3" scale="14.175 5.675" order="1" alpha="0.3" revision="3">backyard of our first house</bric>
	<bric id="2" resolution="1024 768" position="2.3075 1.255" rotate="27.3" scale="5.675 14.17" order="1" alpha="0.3" revision="2">next comment goes here</bric>
	<bric id="3" resolution="1024 768" position="0.1925 0.24" rotate="77.3" scale="0.515 0.38" order="1" alpha="0.3" revision="1">and here</bric>
	<bric id="4" resolution="228 46" position="215.04 389.12" rotate="0.0" scale="2.755" order="1" alpha="1.0" revision="0" />
	<bric id="5" resolution="245 107" position="0.0 0.0" rotate="0.0" scale="0.293" order="1" alpha="1.0" revision="0" />
	<bric id="6" resolution="223 112" position="269.653 331.093" rotate="0.0" scale="1.577" order="1" alpha="1.0" revision="0" />
</brac>
